-- MariaDB dump 10.19  Distrib 10.5.17-MariaDB, for Linux (x86_64)
--
-- Host: localhost    Database: chadd_test
-- ------------------------------------------------------
-- Server version	10.5.17-MariaDB

/*!40101 SET @OLD_CHARACTER_SET_CLIENT=@@CHARACTER_SET_CLIENT */;
/*!40101 SET @OLD_CHARACTER_SET_RESULTS=@@CHARACTER_SET_RESULTS */;
/*!40101 SET @OLD_COLLATION_CONNECTION=@@COLLATION_CONNECTION */;
/*!40101 SET NAMES utf8mb4 */;
/*!40103 SET @OLD_TIME_ZONE=@@TIME_ZONE */;
/*!40103 SET TIME_ZONE='+00:00' */;
/*!40014 SET @OLD_UNIQUE_CHECKS=@@UNIQUE_CHECKS, UNIQUE_CHECKS=0 */;
/*!40014 SET @OLD_FOREIGN_KEY_CHECKS=@@FOREIGN_KEY_CHECKS, FOREIGN_KEY_CHECKS=0 */;
/*!40101 SET @OLD_SQL_MODE=@@SQL_MODE, SQL_MODE='NO_AUTO_VALUE_ON_ZERO' */;
/*!40111 SET @OLD_SQL_NOTES=@@SQL_NOTES, SQL_NOTES=0 */;

--
-- Table structure for table `A`
--

DROP TABLE IF EXISTS `A`;
/*!40101 SET @saved_cs_client     = @@character_set_client */;
/*!40101 SET character_set_client = utf8 */;
CREATE TABLE `A` (
  `AID` int(11) NOT NULL AUTO_INCREMENT,
  `CID` int(11) NOT NULL,
  PRIMARY KEY (`AID`),
  KEY `A_CID_FK` (`CID`),
  CONSTRAINT `A_CID_FK` FOREIGN KEY (`CID`) REFERENCES `C` (`CID`)
) ENGINE=InnoDB DEFAULT CHARSET=utf8 COLLATE=utf8_bin;
/*!40101 SET character_set_client = @saved_cs_client */;

--
-- Dumping data for table `A`
--

LOCK TABLES `A` WRITE;
/*!40000 ALTER TABLE `A` DISABLE KEYS */;
/*!40000 ALTER TABLE `A` ENABLE KEYS */;
UNLOCK TABLES;

--
-- Table structure for table `Authors`
--

DROP TABLE IF EXISTS `Authors`;
/*!40101 SET @saved_cs_client     = @@character_set_client */;
/*!40101 SET character_set_client = utf8 */;
CREATE TABLE `Authors` (
  `AuthorID` int(11) NOT NULL AUTO_INCREMENT,
  `FName` varchar(20) COLLATE utf8_bin DEFAULT NULL,
  `LName` varchar(20) COLLATE utf8_bin DEFAULT NULL,
  PRIMARY KEY (`AuthorID`)
) ENGINE=InnoDB AUTO_INCREMENT=2 DEFAULT CHARSET=utf8 COLLATE=utf8_bin;
/*!40101 SET character_set_client = @saved_cs_client */;

--
-- Dumping data for table `Authors`
--

LOCK TABLES `Authors` WRITE;
/*!40000 ALTER TABLE `Authors` DISABLE KEYS */;
INSERT INTO `Authors` VALUES (1,'Raghu','Ramakrishnan');
/*!40000 ALTER TABLE `Authors` ENABLE KEYS */;
UNLOCK TABLES;

--
-- Table structure for table `B`
--

DROP TABLE IF EXISTS `B`;
/*!40101 SET @saved_cs_client     = @@character_set_client */;
/*!40101 SET character_set_client = utf8 */;
CREATE TABLE `B` (
  `BID` int(11) NOT NULL AUTO_INCREMENT,
  PRIMARY KEY (`BID`)
) ENGINE=InnoDB DEFAULT CHARSET=utf8 COLLATE=utf8_bin;
/*!40101 SET character_set_client = @saved_cs_client */;

--
-- Dumping data for table `B`
--

LOCK TABLES `B` WRITE;
/*!40000 ALTER TABLE `B` DISABLE KEYS */;
/*!40000 ALTER TABLE `B` ENABLE KEYS */;
UNLOCK TABLES;

--
-- Table structure for table `Books`
--

DROP TABLE IF EXISTS `Books`;
/*!40101 SET @saved_cs_client     = @@character_set_client */;
/*!40101 SET character_set_client = utf8 */;
CREATE TABLE `Books` (
  `BookID` int(11) NOT NULL AUTO_INCREMENT,
  `Title` char(200) COLLATE utf8_bin DEFAULT NULL,
  PRIMARY KEY (`BookID`)
) ENGINE=InnoDB AUTO_INCREMENT=2 DEFAULT CHARSET=utf8 COLLATE=utf8_bin;
/*!40101 SET character_set_client = @saved_cs_client */;

--
-- Dumping data for table `Books`
--

LOCK TABLES `Books` WRITE;
/*!40000 ALTER TABLE `Books` DISABLE KEYS */;
INSERT INTO `Books` VALUES (1,'Database Management Systems');
/*!40000 ALTER TABLE `Books` ENABLE KEYS */;
UNLOCK TABLES;

--
-- Table structure for table `C`
--

DROP TABLE IF EXISTS `C`;
/*!40101 SET @saved_cs_client     = @@character_set_client */;
/*!40101 SET character_set_client = utf8 */;
CREATE TABLE `C` (
  `CID` int(11) NOT NULL AUTO_INCREMENT,
  PRIMARY KEY (`CID`)
) ENGINE=InnoDB DEFAULT CHARSET=utf8 COLLATE=utf8_bin;
/*!40101 SET character_set_client = @saved_cs_client */;

--
-- Dumping data for table `C`
--

LOCK TABLES `C` WRITE;
/*!40000 ALTER TABLE `C` DISABLE KEYS */;
/*!40000 ALTER TABLE `C` ENABLE KEYS */;
UNLOCK TABLES;

--
-- Table structure for table `Courses`
--

DROP TABLE IF EXISTS `Courses`;
/*!40101 SET @saved_cs_client     = @@character_set_client */;
/*!40101 SET character_set_client = utf8 */;
CREATE TABLE `Courses` (
  `CourseID` int(11) NOT NULL AUTO_INCREMENT,
  `Title` varchar(50) COLLATE utf8_bin DEFAULT NULL,
  `MaxSize` int(11) DEFAULT 24,
  PRIMARY KEY (`CourseID`)
) ENGINE=InnoDB AUTO_INCREMENT=6 DEFAULT CHARSET=utf8 COLLATE=utf8_bin;
/*!40101 SET character_set_client = @saved_cs_client */;

--
-- Dumping data for table `Courses`
--

LOCK TABLES `Courses` WRITE;
/*!40000 ALTER TABLE `Courses` DISABLE KEYS */;
INSERT INTO `Courses` VALUES (1,'CS150 Intro to Computer Science',24),(2,'CS250 Intro to Computer Science II',24),(3,'CS300 Datastructures',15),(4,'CS445 Databases',5),(5,'CS493 Software Engineering',3);
/*!40000 ALTER TABLE `Courses` ENABLE KEYS */;
UNLOCK TABLES;

--
-- Table structure for table `CurrentlyEnrolled`
--

DROP TABLE IF EXISTS `CurrentlyEnrolled`;
/*!40101 SET @saved_cs_client     = @@character_set_client */;
/*!40101 SET character_set_client = utf8 */;
CREATE TABLE `CurrentlyEnrolled` (
  `CourseID` int(11) NOT NULL,
  `StudentID` int(11) NOT NULL,
  `Grade` float DEFAULT 100,
  PRIMARY KEY (`CourseID`,`StudentID`),
  KEY `CurrentlyEnrolled_StudentID_IDX` (`StudentID`),
  CONSTRAINT `CurrentlyEnrolled_CourseID_FK` FOREIGN KEY (`CourseID`) REFERENCES `Courses` (`CourseID`) ON DELETE CASCADE,
  CONSTRAINT `CurrentlyEnrolled_StudentID_FK` FOREIGN KEY (`StudentID`) REFERENCES `Students` (`StudentID`) ON DELETE CASCADE
) ENGINE=InnoDB DEFAULT CHARSET=utf8 COLLATE=utf8_bin;
/*!40101 SET character_set_client = @saved_cs_client */;

--
-- Dumping data for table `CurrentlyEnrolled`
--

LOCK TABLES `CurrentlyEnrolled` WRITE;
/*!40000 ALTER TABLE `CurrentlyEnrolled` DISABLE KEYS */;
INSERT INTO `CurrentlyEnrolled` VALUES (1,6,100),(1,7,100),(1,8,88),(2,5,100),(3,9,100),(3,11,78),(4,11,78),(4,12,99),(4,13,100),(4,14,32),(4,15,85),(5,11,78),(5,12,98),(5,13,100);
/*!40000 ALTER TABLE `CurrentlyEnrolled` ENABLE KEYS */;
UNLOCK TABLES;

--
-- Table structure for table `CurrentlyTeaching`
--

DROP TABLE IF EXISTS `CurrentlyTeaching`;
/*!40101 SET @saved_cs_client     = @@character_set_client */;
/*!40101 SET character_set_client = utf8 */;
CREATE TABLE `CurrentlyTeaching` (
  `CourseID` int(11) NOT NULL,
  `ProfID` int(11) NOT NULL,
  `Section` int(11) NOT NULL,
  PRIMARY KEY (`CourseID`,`ProfID`),
  UNIQUE KEY `CurrentlyTeaching_CourseIDSection_U` (`CourseID`,`Section`),
  KEY `CurrentlyTeaching_ProfID_IDX` (`ProfID`),
  CONSTRAINT `CurrentlyTeaching_CourseID_FK` FOREIGN KEY (`CourseID`) REFERENCES `Courses` (`CourseID`) ON DELETE CASCADE,
  CONSTRAINT `CurrentlyTeaching_ProfID_FK` FOREIGN KEY (`ProfID`) REFERENCES `Professors` (`ProfID`) ON DELETE CASCADE
) ENGINE=InnoDB DEFAULT CHARSET=utf8 COLLATE=utf8_bin;
/*!40101 SET character_set_client = @saved_cs_client */;

--
-- Dumping data for table `CurrentlyTeaching`
--

LOCK TABLES `CurrentlyTeaching` WRITE;
/*!40000 ALTER TABLE `CurrentlyTeaching` DISABLE KEYS */;
INSERT INTO `CurrentlyTeaching` VALUES (1,3,1),(1,2,2),(2,1,1),(3,1,2),(5,2,1);
/*!40000 ALTER TABLE `CurrentlyTeaching` ENABLE KEYS */;
UNLOCK TABLES;

--
-- Table structure for table `D`
--

DROP TABLE IF EXISTS `D`;
/*!40101 SET @saved_cs_client     = @@character_set_client */;
/*!40101 SET character_set_client = utf8 */;
CREATE TABLE `D` (
  `DID` int(11) NOT NULL AUTO_INCREMENT,
  `AID` int(11) NOT NULL,
  `BID` int(11) NOT NULL,
  `CID` int(11) NOT NULL,
  PRIMARY KEY (`DID`),
  UNIQUE KEY `D_CID_U` (`CID`),
  KEY `D_AID_BID_FK` (`AID`,`BID`),
  CONSTRAINT `D_AID_BID_FK` FOREIGN KEY (`AID`, `BID`) REFERENCES `R1` (`AID`, `BID`),
  CONSTRAINT `D_CID_FK` FOREIGN KEY (`CID`) REFERENCES `C` (`CID`)
) ENGINE=InnoDB DEFAULT CHARSET=utf8 COLLATE=utf8_bin;
/*!40101 SET character_set_client = @saved_cs_client */;

--
-- Dumping data for table `D`
--

LOCK TABLES `D` WRITE;
/*!40000 ALTER TABLE `D` DISABLE KEYS */;
/*!40000 ALTER TABLE `D` ENABLE KEYS */;
UNLOCK TABLES;

--
-- Table structure for table `JobStatus`
--

DROP TABLE IF EXISTS `JobStatus`;
/*!40101 SET @saved_cs_client     = @@character_set_client */;
/*!40101 SET character_set_client = utf8 */;
CREATE TABLE `JobStatus` (
  `StatusID` int(11) NOT NULL AUTO_INCREMENT,
  `JobName` varchar(25) COLLATE utf8_bin DEFAULT NULL,
  `PayBonus` int(11) NOT NULL DEFAULT 0,
  `Tenure` tinyint(1) DEFAULT 0,
  PRIMARY KEY (`StatusID`)
) ENGINE=InnoDB AUTO_INCREMENT=4 DEFAULT CHARSET=utf8 COLLATE=utf8_bin;
/*!40101 SET character_set_client = @saved_cs_client */;

--
-- Dumping data for table `JobStatus`
--

LOCK TABLES `JobStatus` WRITE;
/*!40000 ALTER TABLE `JobStatus` DISABLE KEYS */;
INSERT INTO `JobStatus` VALUES (1,'Professor',10000,1),(2,'Associate',1000,1),(3,'Assistant',0,0);
/*!40000 ALTER TABLE `JobStatus` ENABLE KEYS */;
UNLOCK TABLES;

--
-- Table structure for table `OneRow`
--

DROP TABLE IF EXISTS `OneRow`;
/*!40101 SET @saved_cs_client     = @@character_set_client */;
/*!40101 SET character_set_client = utf8 */;
CREATE TABLE `OneRow` (
  `OneRowID` int(11) NOT NULL AUTO_INCREMENT,
  `OneRowName` varchar(25) COLLATE utf8_bin DEFAULT NULL,
  PRIMARY KEY (`OneRowID`)
) ENGINE=InnoDB AUTO_INCREMENT=2 DEFAULT CHARSET=utf8 COLLATE=utf8_bin;
/*!40101 SET character_set_client = @saved_cs_client */;

--
-- Dumping data for table `OneRow`
--

LOCK TABLES `OneRow` WRITE;
/*!40000 ALTER TABLE `OneRow` DISABLE KEYS */;
INSERT INTO `OneRow` VALUES (1,'Databases');
/*!40000 ALTER TABLE `OneRow` ENABLE KEYS */;
UNLOCK TABLES;

--
-- Table structure for table `People`
--

DROP TABLE IF EXISTS `People`;
/*!40101 SET @saved_cs_client     = @@character_set_client */;
/*!40101 SET character_set_client = utf8 */;
CREATE TABLE `People` (
  `PersonID` int(11) NOT NULL AUTO_INCREMENT,
  `FName` varchar(50) COLLATE utf8_bin DEFAULT NULL,
  `LName` varchar(50) COLLATE utf8_bin DEFAULT NULL,
  `Login` varchar(20) COLLATE utf8_bin NOT NULL,
  PRIMARY KEY (`PersonID`),
  UNIQUE KEY `People_Login_U` (`Login`)
) ENGINE=InnoDB AUTO_INCREMENT=16 DEFAULT CHARSET=utf8 COLLATE=utf8_bin;
/*!40101 SET character_set_client = @saved_cs_client */;

--
-- Dumping data for table `People`
--

LOCK TABLES `People` WRITE;
/*!40000 ALTER TABLE `People` DISABLE KEYS */;
INSERT INTO `People` VALUES (1,'Chadd','Williams','chadd'),(2,'Doug','Ryan','ryand'),(3,'Shereen','Khoja','shereen'),(4,'Chris','Lane','lanec'),(5,'Bart','Simpson','bart'),(6,'Maggie','Simpson','maggie'),(7,'Lisa','Simpson','lisa'),(8,'Homer','Simpson','homer'),(9,'Marge','Simpson','marge'),(10,'Grandpa','Simpson','onion'),(11,'Krusty','Clown','krusty'),(12,'Comic','BookGuy','jeff'),(13,'Disco','Stu','leisure'),(14,'Nick','Riviera','everybody'),(15,'Otto','Mann','fing');
/*!40000 ALTER TABLE `People` ENABLE KEYS */;
UNLOCK TABLES;

--
-- Table structure for table `Prof_Ex`
--

DROP TABLE IF EXISTS `Prof_Ex`;
/*!40101 SET @saved_cs_client     = @@character_set_client */;
/*!40101 SET character_set_client = utf8 */;
CREATE TABLE `Prof_Ex` (
  `ProfID` int(11) NOT NULL AUTO_INCREMENT,
  `FName` varchar(25) COLLATE utf8_bin DEFAULT NULL,
  `LName` varchar(50) COLLATE utf8_bin DEFAULT NULL,
  `StatusID` int(11) NOT NULL,
  `StartDate` date DEFAULT NULL,
  PRIMARY KEY (`ProfID`),
  KEY `Prof_EX_StartDate_IDX` (`StartDate`),
  KEY `Prof_Ex_StatusID_FK` (`StatusID`),
  CONSTRAINT `Prof_Ex_StatusID_FK` FOREIGN KEY (`StatusID`) REFERENCES `JobStatus` (`StatusID`)
) ENGINE=InnoDB AUTO_INCREMENT=5 DEFAULT CHARSET=utf8 COLLATE=utf8_bin;
/*!40101 SET character_set_client = @saved_cs_client */;

--
-- Dumping data for table `Prof_Ex`
--

LOCK TABLES `Prof_Ex` WRITE;
/*!40000 ALTER TABLE `Prof_Ex` DISABLE KEYS */;
INSERT INTO `Prof_Ex` VALUES (1,'D','R',3,'1990-08-01'),(2,'S','K',3,'2002-08-01'),(3,'C','W',2,'2006-08-01'),(4,'C','L',2,'1999-08-01');
/*!40000 ALTER TABLE `Prof_Ex` ENABLE KEYS */;
UNLOCK TABLES;

--
-- Table structure for table `Professors`
--

DROP TABLE IF EXISTS `Professors`;
/*!40101 SET @saved_cs_client     = @@character_set_client */;
/*!40101 SET character_set_client = utf8 */;
CREATE TABLE `Professors` (
  `ProfID` int(11) NOT NULL,
  `Rank` enum('Assistant','Associate','Full','Emeritus') COLLATE utf8_bin NOT NULL,
  PRIMARY KEY (`ProfID`),
  CONSTRAINT `Professors_ProfID_FK` FOREIGN KEY (`ProfID`) REFERENCES `People` (`PersonID`) ON DELETE CASCADE
) ENGINE=InnoDB DEFAULT CHARSET=utf8 COLLATE=utf8_bin;
/*!40101 SET character_set_client = @saved_cs_client */;

--
-- Dumping data for table `Professors`
--

LOCK TABLES `Professors` WRITE;
/*!40000 ALTER TABLE `Professors` DISABLE KEYS */;
INSERT INTO `Professors` VALUES (1,'Associate'),(2,'Full'),(3,'Associate'),(4,'Associate');
/*!40000 ALTER TABLE `Professors` ENABLE KEYS */;
UNLOCK TABLES;

--
-- Table structure for table `R1`
--

DROP TABLE IF EXISTS `R1`;
/*!40101 SET @saved_cs_client     = @@character_set_client */;
/*!40101 SET character_set_client = utf8 */;
CREATE TABLE `R1` (
  `AID` int(11) NOT NULL,
  `BID` int(11) NOT NULL,
  PRIMARY KEY (`AID`,`BID`),
  KEY `R1_BID_FK` (`BID`),
  CONSTRAINT `R1_AID_FK` FOREIGN KEY (`AID`) REFERENCES `A` (`AID`),
  CONSTRAINT `R1_BID_FK` FOREIGN KEY (`BID`) REFERENCES `B` (`BID`)
) ENGINE=InnoDB DEFAULT CHARSET=utf8 COLLATE=utf8_bin;
/*!40101 SET character_set_client = @saved_cs_client */;

--
-- Dumping data for table `R1`
--

LOCK TABLES `R1` WRITE;
/*!40000 ALTER TABLE `R1` DISABLE KEYS */;
/*!40000 ALTER TABLE `R1` ENABLE KEYS */;
UNLOCK TABLES;

--
-- Table structure for table `Students`
--

DROP TABLE IF EXISTS `Students`;
/*!40101 SET @saved_cs_client     = @@character_set_client */;
/*!40101 SET character_set_client = utf8 */;
CREATE TABLE `Students` (
  `StudentID` int(11) NOT NULL,
  `GPA` float DEFAULT 0,
  PRIMARY KEY (`StudentID`),
  CONSTRAINT `Students_StudentID_FK` FOREIGN KEY (`StudentID`) REFERENCES `People` (`PersonID`) ON DELETE CASCADE
) ENGINE=InnoDB DEFAULT CHARSET=utf8 COLLATE=utf8_bin;
/*!40101 SET character_set_client = @saved_cs_client */;

--
-- Dumping data for table `Students`
--

LOCK TABLES `Students` WRITE;
/*!40000 ALTER TABLE `Students` DISABLE KEYS */;
INSERT INTO `Students` VALUES (5,0.1),(6,0),(7,4),(8,1),(9,2.9),(10,3.89),(11,1.2),(12,3.99),(13,1.973),(14,1.823),(15,0.42);
/*!40000 ALTER TABLE `Students` ENABLE KEYS */;
UNLOCK TABLES;

--
-- Table structure for table `Wrote`
--

DROP TABLE IF EXISTS `Wrote`;
/*!40101 SET @saved_cs_client     = @@character_set_client */;
/*!40101 SET character_set_client = utf8 */;
CREATE TABLE `Wrote` (
  `BookID` int(11) NOT NULL,
  `AuthorID` int(11) NOT NULL,
  PRIMARY KEY (`BookID`,`AuthorID`),
  KEY `Wrote_AuthorID_FK` (`AuthorID`),
  CONSTRAINT `Wrote_AuthorID_FK` FOREIGN KEY (`AuthorID`) REFERENCES `Authors` (`AuthorID`) ON DELETE CASCADE,
  CONSTRAINT `Wrote_BookID_FK` FOREIGN KEY (`BookID`) REFERENCES `Books` (`BookID`) ON DELETE CASCADE
) ENGINE=InnoDB DEFAULT CHARSET=utf8 COLLATE=utf8_bin;
/*!40101 SET character_set_client = @saved_cs_client */;

--
-- Dumping data for table `Wrote`
--

LOCK TABLES `Wrote` WRITE;
/*!40000 ALTER TABLE `Wrote` DISABLE KEYS */;
INSERT INTO `Wrote` VALUES (1,1);
/*!40000 ALTER TABLE `Wrote` ENABLE KEYS */;
UNLOCK TABLES;
/*!50003 SET @saved_cs_client      = @@character_set_client */ ;
/*!50003 SET @saved_cs_results     = @@character_set_results */ ;
/*!50003 SET @saved_col_connection = @@collation_connection */ ;
/*!50003 SET character_set_client  = utf8 */ ;
/*!50003 SET character_set_results = utf8 */ ;
/*!50003 SET collation_connection  = utf8_general_ci */ ;
/*!50003 SET @saved_sql_mode       = @@sql_mode */ ;
/*!50003 SET sql_mode              = 'IGNORE_SPACE,STRICT_TRANS_TABLES,NO_ENGINE_SUBSTITUTION' */ ;
DELIMITER ;;
/*!50003 CREATE*/ /*!50017 DEFINER=`chadd`@`%`*/ /*!50003 Trigger BoldLine BEFORE DELETE ON  Wrote
For each row
Begin
  	declare homeRowCount INTEGER;
	declare rowCount INTEGER;

	SELECT COUNT(*) FROM Books WHERE
		BookID=OLD.BookID into homeRowCount;

	SELECT Count(*) from Wrote Where 		
		Wrote.BookID=OLD.BookID into rowCount;
		
	If homeRowCount > 0 and rowCount = 1 THEN
		SIGNAL SQLSTATE '45000'
			SET MESSAGE_TEXT = 'Bold Line';
	END IF;
END */;;
DELIMITER ;
/*!50003 SET sql_mode              = @saved_sql_mode */ ;
/*!50003 SET character_set_client  = @saved_cs_client */ ;
/*!50003 SET character_set_results = @saved_cs_results */ ;
/*!50003 SET collation_connection  = @saved_col_connection */ ;

--
-- Table structure for table `pictures`
--

DROP TABLE IF EXISTS `pictures`;
/*!40101 SET @saved_cs_client     = @@character_set_client */;
/*!40101 SET character_set_client = utf8 */;
CREATE TABLE `pictures` (
  `PicID` int(11) NOT NULL AUTO_INCREMENT,
  `image` mediumblob NOT NULL,
  `type` varchar(255) COLLATE utf8_bin NOT NULL,
  PRIMARY KEY (`PicID`)
) ENGINE=InnoDB AUTO_INCREMENT=4 DEFAULT CHARSET=utf8 COLLATE=utf8_bin;
/*!40101 SET character_set_client = @saved_cs_client */;

--
-- Dumping data for table `pictures`
--

LOCK TABLES `pictures` WRITE;
/*!40000 ALTER TABLE `pictures` DISABLE KEYS */;
INSERT INTO `pictures` VALUES (1,'PNG\r\n\Z\n\0\0\0\rIHDR\0\0\0\0\0F\0\0\0mU\0\0\0	pHYs\0\0\0\0\0\0\0\0gAMA\0\0|Q\0\0\0 cHRM\0\0z%\0\0\0\0\0\0\0\0u0\0\0`\0\0:\0\0o_F\0\0IDATx]oֵ昲#ʈ\0ϛIh,\ZF^K\r\0=@$tE\"euZAȪ0)=ς1ǒE6euecH~y<V2sug4\Zq0b```#,FXa10000b``Xɕk͏nkӚik$8a8N7\\9AfF6\r>|Dg,K^NǑ$IũVe`lY#J|E1H:i%%.M$LfR{DO\',T>~}}u]qOڶ8|8\ZJ\\׍& bl65:Pb\"V%qaЗvޞl\'\nK}	FTu\'((Hxe8.Ju]A$<AH$^6$<<YA?T\',%ƆaL.f`.a,Xc^2HyTj]m(~oG{{{Nٳg>f8Ͻ!|VlijkYlޢNYQM@n##m|	B81: x(TJI	h/B`^\'iY&u41;<-a8Ajym<\'du:l6@EQV|p]6(Ϟ=쾰^{\n@3(EmێS1Q{G06MEUEnonn\r8cYyÇTՀ?#\"\rxG0ǲ{l逆&Aƺ\'M]ׅ<uf7)1ݗQRp?A\\v xAkbܛg.f`oUYN}U(e鍆juu\"Ln(JZ7U`FQ۶D2[=2\"HR2:Cp\"q/_$aߟ<ξ~&\"l;	5j}HR>\nM0&rm3bFq,[|X9b|8W_}N	1P 2NGtΞao_vw7Uնm˲z=úW_}dx,ΝcY#/^ Z(7bUʷivNuud+W\\`K˲^Κ8M``\reY$e20zo6h¶L&F\n>;D`~N<U;Khvӑ$lä3=ka=մǕ\nIje}V*j禪,\Z1``El6=q oc>9(%\"5޿}V#8޽{1󛛛(۵\rLTo}D\"zf2$M>(Ci*BeTT~?YVl+~\\~X_6Ph|iaSM[	nXlNة8ڂ$kyNsfbd`iN3\\a{o/a9Y?\rwGŢP>4tvw8@tX|iז+͉a]3Xbaj/|>VPB؊(9_7n6FwC^\raery6\n̷]^rW@XJey6,^xH~ثVV?9ë!,Zo5sPj5mj3qO9P93002ZCrX65}j;y5OrٰYBxFp	grXR{r9~l+$cV3ydTÆd%*FXf~etg6mńw-\'[e^IR.	hw[[dE1{\"-eIMUr200ºAe;;?v|ɢ1WGvw?ɓj\n48FX7hR)y^8tߐȗ(˴{Xd`XaQ.zz22쬞7y)7\"aEd\\ٌ(b\"f	g^f.˨JpXwp\rLľ։Q+kq@Ee㰀e\r4ϵ< ̔200FB,ܫՖγ>ڕk7 G\"J5g)ׇa^pDгVp;q/qbs&Z!YXYǕJXhV]e)÷a`X.aq;;t§{\Zr0[툍͏+mm=4\n%ߍcjgnC9x\n,@ vwN0S±`Z8,d\\ |nK#jmoQsw3l&9ql\"o\r­Haw\Z-r{FQ[j|#cSbQlqd:0)6UջDvZaƳg^h<[g@t?ss~!vZ2S\reY{<En\\s=\'\ZqxxxxxhF&S+ΧI7Q.^BVI(qbHE񬘩WogSseY/L9+\\uG.NxH3WU+gngG{zntFՠDlBPH\"ԅ\'7m3V4Mh4M\\I1X:_~!k9ОΠ.(8Nף&尔IQ3hp\n^4JElb(S(1nFF&e}}=Lu 5dN	.\r&XmaQ,+N۶vgPWÉ\'@>Z=yu;heY(E%\\a7:N}!nnjb/SEٳgѽzUySM,\"DυGXd*&pR@ˋy aјV\np,\";Ŷm CwE0X8::\n^+akDܿJR3\r8z*%]i|u}*mlܤna;N/O[u㽃ND+VةO _2\0ɠ]H&R|uٶ|LCDZ+\'F6-D!H`[k*9B3m\',wH^/](\n76AqVS	+Gqzc*BێAEJ&\nW 4O3Zl6v6iE$2\\lssa,mƸ5ǰ`}=zկ~uKq4{`0HR+++^]]AYܽ{wQ^^^FZ\r5۶OOO///޽vrrrqqẮeYwM&i999y7VVVI+A˲hֱŋn{~~N\n9O:;;CF\"4FQ*J&\'\'\'4p_]kkkib>Fpm8^M\\YYiv]o8|0a:|_~ߏ.TdF[]]][[@۰mdmm-H\\^^b6~x{`0DbZuܽ{w\Z|uuKXoRf	_G.Ή,qP[\\msi\"\Zc\'M[vIL%IեkΪbF8FXK\r_kFXa1000bXfFEQ:JӴ3BV+ޤ3HjVSUU䵩j&q|\n}}TlȲ(JRQ%EoƐcNDeK^Z%w<)W]EjA*\Zh4J\Z5.\\yk..aE탗ewu]u˲&Z 	ڶG%NɃ#5ꁭV>*,AVV\\HS0,5GA.e<ZZ畗h}7XJ\0ޱ,\\Fӌ%z8N>n{~aIp8td\n{JR*ϓ$Z%~F\nfi\ZW*JRjmoo^i\Z\noYV*jmoo`Z-lH+ǆ5V$c.k4\Zfs{{0JiZBIXӴZIhC˲r\\VkZZ:|V+\n6,UURV,B:+h;+&QTJi0gr6htzzz|||vvv|||zzJo}zx||<\ZF#u\ZF~IOjX,?\0MuNOO;/ˇR|\'SINOORjZⷪɓ\',RXB(W.a𕵻+,W]UU}/ez!BhTבXUUeTe<\'q\"$X,R>;;;|-kVH]ZvYX(bmn&\rڹ.b6%KE콠98jylđ$aQ;Gc#P޹s{t߿/Iv<//^$IQ൉45y\"޲`)1Oj6]5MeY\n2.ǹ\"LUUefRrDUUUUaKP(r9M:ry)\\V#m-+Lc+@6Ţ[[[AC7^\\f6N̿rn^]]fߚ+l&r9IDFrRWWW\nՅmxlVb\nQ$Yw_\",$I;;;DC$y8DXc\n-~$Ik$b}}=Hd=?XI\'T/\n_?n4\Zx\r1F`?xjޠO?)TUP+\\q2ۺDjŢ, D\"zl\ZE\"LEA©d\'%j3rMU2<3׆[tnIzqDB𹗳LL&^+;mDTڶM%4M%L&O?x)_z{{?p8t]\'?I\\)aYV^GڝB(y_*dY)Jȡ\\.TmYb\ruJ^Vg}e劘eaRQUUEA|۱rЛ^?KB:1\\\\.^(a椙J1CQjTYOVT+uCqy\n4\Z\r0#\nU`G1\\{XBxNkjs$vr.0ۥX IRetk`*``e>fa1000b````#,[\0*\0\0\0\0IENDB`','mime/png'),(2,'PNG\r\n\Z\n\0\0\0\rIHDR\0\0\0\0\0F\0\0\0mU\0\0\0	pHYs\0\0\0\0\0\0\0\0gAMA\0\0|Q\0\0\0 cHRM\0\0z%\0\0\0\0\0\0\0\0u0\0\0`\0\0:\0\0o_F\0\0IDATx]oֵ昲#ʈ\0ϛIh,\ZF^K\r\0=@$tE\"euZAȪ0)=ς1ǒE6euecH~y<V2sug4\Zq0b```#,FXa10000b``Xɕk͏nkӚik$8a8N7\\9AfF6\r>|Dg,K^NǑ$IũVe`lY#J|E1H:i%%.M$LfR{DO\',T>~}}u]qOڶ8|8\ZJ\\׍& bl65:Pb\"V%qaЗvޞl\'\nK}	FTu\'((Hxe8.Ju]A$<AH$^6$<<YA?T\',%ƆaL.f`.a,Xc^2HyTj]m(~oG{{{Nٳg>f8Ͻ!|VlijkYlޢNYQM@n##m|	B81: x(TJI	h/B`^\'iY&u41;<-a8Ajym<\'du:l6@EQV|p]6(Ϟ=쾰^{\n@3(EmێS1Q{G06MEUEnonn\r8cYyÇTՀ?#\"\rxG0ǲ{l逆&Aƺ\'M]ׅ<uf7)1ݗQRp?A\\v xAkbܛg.f`oUYN}U(e鍆juu\"Ln(JZ7U`FQ۶D2[=2\"HR2:Cp\"q/_$aߟ<ξ~&\"l;	5j}HR>\nM0&rm3bFq,[|X9b|8W_}N	1P 2NGtΞao_vw7Uնm˲z=úW_}dx,ΝcY#/^ Z(7bUʷivNuud+W\\`K˲^Κ8M``\reY$e20zo6h¶L&F\n>;D`~N<U;Khvӑ$lä3=ka=մǕ\nIje}V*j禪,\Z1``El6=q oc>9(%\"5޿}V#8޽{1󛛛(۵\rLTo}D\"zf2$M>(Ci*BeTT~?YVl+~\\~X_6Ph|iaSM[	nXlNة8ڂ$kyNsfbd`iN3\\a{o/a9Y?\rwGŢP>4tvw8@tX|iז+͉a]3Xbaj/|>VPB؊(9_7n6FwC^\raery6\n̷]^rW@XJey6,^xH~ثVV?9ë!,Zo5sPj5mj3qO9P93002ZCrX65}j;y5OrٰYBxFp	grXR{r9~l+$cV3ydTÆd%*FXf~etg6mńw-\'[e^IR.	hw[[dE1{\"-eIMUr200ºAe;;?v|ɢ1WGvw?ɓj\n48FX7hR)y^8tߐȗ(˴{Xd`XaQ.zz22쬞7y)7\"aEd\\ٌ(b\"f	g^f.˨JpXwp\rLľ։Q+kq@Ee㰀e\r4ϵ< ̔200FB,ܫՖγ>ڕk7 G\"J5g)ׇa^pDгVp;q/qbs&Z!YXYǕJXhV]e)÷a`X.aq;;t§{\Zr0[툍͏+mm=4\n%ߍcjgnC9x\n,@ vwN0S±`Z8,d\\ |nK#jmoQsw3l&9ql\"o\r­Haw\Z-r{FQ[j|#cSbQlqd:0)6UջDvZaƳg^h<[g@t?ss~!vZ2S\reY{<En\\s=\'\ZqxxxxxhF&S+ΧI7Q.^BVI(qbHE񬘩WogSseY/L9+\\uG.NxH3WU+gngG{zntFՠDlBPH\"ԅ\'7m3V4Mh4M\\I1X:_~!k9ОΠ.(8Nף&尔IQ3hp\n^4JElb(S(1nFF&e}}=Lu 5dN	.\r&XmaQ,+N۶vgPWÉ\'@>Z=yu;heY(E%\\a7:N}!nnjb/SEٳgѽzUySM,\"DυGXd*&pR@ˋy aјV\np,\";Ŷm CwE0X8::\n^+akDܿJR3\r8z*%]i|u}*mlܤna;N/O[u㽃ND+VةO _2\0ɠ]H&R|uٶ|LCDZ+\'F6-D!H`[k*9B3m\',wH^/](\n76AqVS	+Gqzc*BێAEJ&\nW 4O3Zl6v6iE$2\\lssa,mƸ5ǰ`}=zկ~uKq4{`0HR+++^]]AYܽ{wQ^^^FZ\r5۶OOO///޽vrrrqqẮeYwM&i999y7VVVI+A˲hֱŋn{~~N\n9O:;;CF\"4FQ*J&\'\'\'4p_]kkkib>Fpm8^M\\YYiv]o8|0a:|_~ߏ.TdF[]]][[@۰mdmm-H\\^^b6~x{`0DbZuܽ{w\Z|uuKXoRf	_G.Ή,qP[\\msi\"\Zc\'M[vIL%IեkΪbF8FXK\r_kFXa1000bXfFEQ:JӴ3BV+ޤ3HjVSUU䵩j&q|\n}}TlȲ(JRQ%EoƐcNDeK^Z%w<)W]EjA*\Zh4J\Z5.\\yk..aE탗ewu]u˲&Z 	ڶG%NɃ#5ꁭV>*,AVV\\HS0,5GA.e<ZZ畗h}7XJ\0ޱ,\\Fӌ%z8N>n{~aIp8td\n{JR*ϓ$Z%~F\nfi\ZW*JRjmoo^i\Z\noYV*jmoo`Z-lH+ǆ5V$c.k4\Zfs{{0JiZBIXӴZIhC˲r\\VkZZ:|V+\n6,UURV,B:+h;+&QTJi0gr6htzzz|||vvv|||zzJo}zx||<\ZF#u\ZF~IOjX,?\0MuNOO;/ˇR|\'SINOORjZⷪɓ\',RXB(W.a𕵻+,W]UU}/ez!BhTבXUUeTe<\'q\"$X,R>;;;|-kVH]ZvYX(bmn&\rڹ.b6%KE콠98jylđ$aQ;Gc#P޹s{t߿/Iv<//^$IQ൉45y\"޲`)1Oj6]5MeY\n2.ǹ\"LUUefRrDUUUUaKP(r9M:ry)\\V#m-+Lc+@6Ţ[[[AC7^\\f6N̿rn^]]fߚ+l&r9IDFrRWWW\nՅmxlVb\nQ$Yw_\",$I;;;DC$y8DXc\n-~$Ik$b}}=Hd=?XI\'T/\n_?n4\Zx\r1F`?xjޠO?)TUP+\\q2ۺDjŢ, D\"zl\ZE\"LEA©d\'%j3rMU2<3׆[tnIzqDB𹗳LL&^+;mDTڶM%4M%L&O?x)_z{{?p8t]\'?I\\)aYV^GڝB(y_*dY)Jȡ\\.TmYb\ruJ^Vg}e劘eaRQUUEA|۱rЛ^?KB:1\\\\.^(a椙J1CQjTYOVT+uCqy\n4\Z\r0#\nU`G1\\{XBxNkjs$vr.0ۥX IRetk`*``e>fa1000b````#,[\0*\0\0\0\0IENDB`','mime/png'),(3,'\0JFIF\0\0\0\0\0\0\0\0\n\n\n\"\"$$6*&&*6>424>LDDL_Z_||\n\n\n\"\"$$6*&&*6>424>LDDL_Z_||\0\"\0\0\0\0\0\0\0\0\0\0\0\0\0\0\0\0\0\0\0\0\0\0\0\0\0\0\0\0\0\0\0\0\0\0\0\0\0\0\0\0\0\0\0\0\0;DHR\"\"  @$ipg%ջ\0\0\0\0\01ʩkEUUXA\0&ZHdfgvwgǳ\0\0\0\0\09wΞJ$+\"B,$,-3-\0\0\0\0\0|**LEi4LI3/2Lm]k\0\0\0\03_X`Aab !Vyfbaiv\0\0\0\0|$*B@A,H-,-$*	\r_W\0\0\0\0\0\09^$\nH\n,9ZXcH00WX\0\0\0\0~q!aaaaaaaV!aaabf{\\T{vj@QHw\0\0\0\0\08xk[S,*zBdْ;eebb{\0\0\0\0\0sO=?\npZDD)_Tٮ[mnVS\r^7΁7R\0\0\0\0ξnc7连r<5XXf .Ox)e~Md4~v椐N\0\0\0\0ξo#;mXXXXGB8}\ZW	yۯȶmy\n!\0\0\0\0\0\ra}^Ídu\"\"<qvmm\Z\nǛ.eW	\0\0\0\0\0-]}xʰn\n`{=ɾNŦayB-~O@\0\0\0\0xc`V#{ڳ<͇VjiNVm7]u7_dzF#ߕ4XMw\0\0\0\0\08j5^V:;w]kr22.܏J̰~ekD\0\0\0\0\0_8걝ӹR,,*ǧּ:Q5ٓ3RvL^J]̶˾ߓEg\0\0\0\0\09\ZzB\nUCh}޽h~n[Yecz6~FVS\nt\0\0\0\0\0M}Oaaaa\Z1}\Z[ke]kee]gɈ?L`\0\0\0\0Ͼo:V:Gi~@ýj;9sL̺lSw*}1\\$۳\0\0\0\0\0F-!Vw/b~|n{F~}6-l>˭fU@R\rw\0\0\0\0\081y𰰰N6F~memgmn/5u\0\0\0\0\0-F27]/FAsȅik{m{l\0okrr6>@\0\0\0\0|Gxw5JbG؞_Jwx_x;X[g?k[k(ײ\0\0\0\0\0BR6o}WuL]᝻-g,Ƿ\"k\\HL@\0\0\0\0ݨ.F=k׿}9_mm*<=m&\rTk<U_\0\0\0\0\0~n+\ZXX\\X #bly{k]Ȳxl]7\0\0\0\0v[jb{]ʸy͌䅶ۑu]medgTd\0\0\0\0\09\0\Z|{ݯǡs>ʏKOfgg2뭶ۮ<ʩX6N\0\0\0\0\0BNͣWVc`{js=5tS1ݬ^me101X\0}w\0\0\0\0\0>o1aaaV7=]\r׳<[114_-ia1HZ	g\0\0\0\0\09^?Rۇ\\,ngWv.位`;YvEֳUEk\nV,?Q`\0\0\0\0|ۧ_g)C׋JlN6~7|ܛ鷵-cYlUB͵$4OS`\0\0\0\0cyQ\n^pK\0/-,kX$*ͩ2;\0\0\0\0\0h5cְ^`jh]3|dK30,\nL̴Dm]W\0\0\0\0\0>ߋaO\nn]{۶Ѷbzw/}Zyvəl\ZYgں|\0\0\0\0\0\r}Us7\'Ă6!6@dfy^2/\0#3̴_\0\0\0\0\0w%B*N>^!ε4HI2--,Tz>\'յ\0\0\0\0\0HƳ+!#!b\'P/w_\Zϕ\0fZZZZ^Y=[|\0{\'w\0\0\0\0\0>h\\l|z)U\"	\0&Iw22w\0\0\0\0\0\Zg鏏E4SUu*DA\0F~I3#L3m_mߓw\0\0\0\0\0~e\\|vâ+U\0^uhI2KK3;e}~FFN@\0\0\0\0H1袊i!Ub\" \0\0\0$&ZZYwۯ\0\0\0\02%\ZLWyy\ZmnrZYʪj.),XK\'Ժz\0Ҁ\0\0\0\0։^~%Nu1nU^J_v6^_NN%+ZMkcԀ\0\0\0\0NR1qsǱ?\Z|Y7*%bKѪ[Q%U\"Svw \0\0\0><ki[z\Z^Z &T+[r1LheښkOg\0\0\09/YƢab\"0`\"B	`	n$ffen/\0\0\04_+Ǧb!b\0!h	  \0	I\ZY\0Sӵ\0\0\0\0$ 	`\0p	$$d򾭴\0\0\057AֱQUb\0	ɩ@\0\0@2 fYs\rw\0\0\0\0À\0$\0\0\0$\0@\0`\0\0\0\0e\\\0\0\0\0\0\0\0\0\0\0\0\0\0\0\0\0\0\0@\0\0H\0tnS\"RXe Je6-3b#:D!y\0;:S2Lk^i*V(? $\rdRm[Ҝ9No2@ia쵷tqvMm,~D~|>ԙ~w=KSkg.>)H\0o߫<>ӽ&3;/,|I\0\\:\07yO?q.O \0#>ϧ{=v3^]7 7p\0;^^,s> \0\"k`}:߭9//Lx{qǓ\0=qkk1̧rʬH\0۟-^ak9lY\0]_ma^O \0\"0s>wöMÆY$\0#N~ϧv^mmo9#ːjvq#칼^b)\"y\0#}3g2b\0$:.\0\0B@		\0D\0\0LH\0\0\0A\0E4\0\0\0`\nF\0\0\0I\0\0\0 \0\0\0\0\0\0\0\0\0\0\0\0\0\0\0\0\0\0\0\0\0\0@\0\0\0\0&Q!!S2f\0ACF1s$ͻ\0NLD8	~\0+$ׅxg3\0K\n-Ɋ{QWU8śK\'-\0#͌p}N1M}u`\0#\Zipmny^F[ȷk?Cf{X\0%ջ<Z[6oڲݎ\0Cno͜Nu]N;{ۛ6gwN\0	Sms=zߓsjыv;P\0\'\n&kַgs)\n;{]ˬg\0`=g<;CW˦EWto\0ڃGkYE>{VecmM݌z\0Jޏ 0LcEXaS߻-\0	0:ׅ8c_fs@\02C\0V8al[9e\0?Skݼ^sG_S9f\0G>>z[\Z\"&SYM\0&\0V\0P\0, B\0)\0 	@&@0\0\0\0\01\0M\0\0\0H@,a\0\0\0L \0@Ib\0\0\0\0\0\0\0:\0\0\0\0!126@ 05A\"34#7BQ$R`%Pa\0\0\0\0L.\"N-=~qwO[<D]\ZwZw_cM~˯y>]˽\Zw_ޭ~ѯzV]˽zw^k|ׯzN]׋zw_.|ׯPV]q_kޝ}w_.kލ~ѯz8ͯyN qwK<B]\0Q\0ž\"!Ş\"qwS\0tĵ&.0q9w@khf*yg~4fC\rNvߕ\0&יq]g(d\\DV\r踮e̹.(ru\\]W.Uˬr9	J+WUJz=u޺^a̽yzr/9\"dB^~T2!egC-:f!~d%̜q\ZT0}\Z\Z\n|^o>ס\\wl[-lrʹW*[-dll[x\r3[\\S\Zl+\09z\"tɺs-Qhбcm˕l[-˕rT.EʹVelo\r_%וּGq;j\0D>[~C|w[JGOȴpPrEȹ\nAlb[ \0 ϦKkXꟸg\0Q[-;#|Oȏc>cǷ#\0[ \ZW\"\\b+.UʋPe4ϫ..5?qvW+iE\\\\E\\\\]7#c#c+c###k#c##########) Jk\07{vk==@ 5.B\n,]4cF%W*tZW*mm~KXjK@E_r+r+r(+r+r+r+r+r+r+r+r+r+r+r+rw<\ZHAU5ev\ZWMtWA:I\"B(\r[-eKXj_ҫ}]y&f1t$$3FȞ\0т%Wrr9Tq9Tq9UFY|#,>v@\Z\r1	GJV(ݬֺoX܂@ &\0E?\'XIOFB-[ j\\xZk䶸=gqp\0\"T6,Ws;%G%qaCQdW/۹Nɲ*ߡK\\Z^()`\"TNVgzT *\0@ M@ B51	 \0ҷD UILi -(rdZ\"+:6m]]>?Q_8[z\"!јDLrdOGOc\re\r$2`rGl#grǎ|ͪϫ(4~*\"znlVO$cp5Y5nL\r#b5te\rǃSP	4 Bjjja#Wo$3OqkX\"%-\\d>\0ٶqƯ([euDF<3l7i=,&K]rW>8CHhD4Ui%9lh\ny\\,1ڏw]\r\0P嗖r9\Z>N5Ut%֦֠\nMxL(M|n7f8yy`Mc|6|WW\Z\0Q_}:*Js7t|ҟ޼Mߜ\0xƭc}[uΧȖ#=X>92;	a~\0bo%i751!t6Md#yhϸ\Z?V.ǻb(A(S}\n[zcM˶[cݨV^Ė2dj)\r;\rն~\0qp2nd@{,jA#rf Z1?m\nz:7`5J6i٪-pk7A3\0ZstTZёulқPY;Z,j;</Bژ*4צ6WfZ&;8\nlUQB\r/_3!)T\0\n6&ڹ\"[4d(C~Cyr#=\0j2>ȴߖXܺQ2\Z2H_7E-k{A^й_.3װasqe,%`=dryf,fEA~}h`*LtZIvwe onqoY|fc^r\Z7hl&צuMuNMɳfz^^d.9I/\0qO\0<Vt\\$)܄Mo݊hMsV/p7H3Ȃ!su+\\X+ߵS\"~B-}B,sbәư<Y=Yo:ŋ4BBdm%8\"+Wd15mU:!G~=!fj~{\"H5lc#Ut4+]gl쾚cVXSP>z\ZǦz }OF-d+ϕ iQ}qQ[\\c梓<cϨw? O\0oFǒ\\G[i՚8ojG,q_A.t9BJI,ݞLÞb2ݒ8Lkօ0[f!A2ç0:2u.g<YwV%6DwY<v3=FX*k(,gMA0	z\0k(&,it-A\0AI(A54ӜsJ%[EGZ\\YI2ȇIW}9ɳQ>*1s?Ca3dƠ3WvW9Jqc/$9O)/Y3n3}/i^fKP3A{?[;;qdt%fZlK*i~.NIF?R\0M@SO	c}n>V[ϮbM	S3b:;-Ezj-.Y~U^@awga\0JSE(YYk+nM׮E<#I12v%K\'\"馳ѩBb/&_K	~\"/X52鲮lSn٢6XQK1)1s AzOd Q= Fdi͓Be\ZkU\0%f~㌿Y^vn,#a?NK2~\Z\0T>Hsm|x̴n;WJR}4i\0ZңS2+9^nl]qjYnlP#odW>c%WJ$, {\ZkC$ROh\\Cqu1_MMd112k:KPOPSQ![Q5QVrǯSW*\nO>#_:rs\"Ȃ\0ǪV~K+_T?@]]^զl{*ZY\0!6\0/.}kY姟X{, 7\\quO3SRBggTip,{.GZZ,N.+ܽ<tY_@_v\"僨pSևgQPMA\ZvҙA<&C54(a\n-&E!liح<Zۃ_TOCxyWjw1Th\'\r3*inZ3\\S?ᤝUuA4}e#{|w\"w A\na&|$题 /90,J/yv0?ڝoG9L) A?0|!nlSvMLF59ڥ-NEޞoV-\r6147u{xҬ-Z4a3G-\Z7Qې۶띄}p|q/d[K\0op\0tCdɥ4?AS,W;\n\0k}EG#SJX}Qiѳ-Q>cn»Sp|pjZ8ۓ2P}.Z˂݆2/Ii2礚(nM\0\rmOc.ޒg\'LKOЫF[CYг\'b4\niGJ(c{2&\\K[\\7xb.Kf>|mmaQv@#}\0|CfoZkJjXN	zЂ&3yMAAţt\\_3j:$ەϔ?	1m[PU I\0rQH؈[x᧾[K?T_	߇قaˑi 9qYn\"C$UiAY<[ڟ%n}f7Okح\'&zӦxTm+Afe+iL41rpx~Wl^-`1ιN&5&ƛ\Z	MSk\n6č?)c)13aڼ9!L#5nV~n4s~>cof1A[ `ipk}kc\0o3*.40Zi1$1#Z]?\\ZXrpu1+KjMES!S!AZ?xF>G>ήyh\0\Z<\r\\5\Z\0LmcYTeCM#:}Ŋax9N_c>Ă_$\'y	@SCEcWwvT\'\0ƷMAV8l}O_i\\4ZZ;kJ[Fԁw0eN],nY#磏}X\06[`|Rކ!4P-͕͟I]bSe!6aFJ܃(62{\r?-?3$\'oD+RiەO?0_f!Xdj2ῆ䴸/60\08u\n.Hf5AmV-.]t\\90E5LƱdRilcC\Z Zpk^;`oѽ=9۠53犺?7jb\r5b3OeYX2Nɀ7M|ӴR&! LuWX.Bd%r&<&twM(&КLcS\ZCTor5jMݹN g\"8[WO^Z|\0Eqyp4oxo\'Uu/Rmi=\nkbaJ\"wM	ܗ9EA]gQ3}aSJYadH>v\nՊ;Jl:w&dyOS=fO!3.b)oZc۞&J$TN7 BBܹs-(\niLLAɯMp@Pr	Y\0Ьe|I(tJnGO贸0@Ժ8÷os*ygK+~J?qH_/\0r_{dkc[`lz[iꌦf{q_:AĆc~:G\\B-KDhg0Txk[T\0\n@P(iM)LwMz6T&%/0u-\\-.\nM㋡ojȔczPy`U=,dzFWql;#䧃F(:Ɩ|xmy:c	\\f-^+%ӚJ@ӵU2\nmϋNVVj+YQ1;^ȶMo)VwW?\n\n̃\\.bџdӬ#:|I[`[\n-.\nK v8~V<C$3$A(5{t1{*6I2!BZ/N|87uc{\0ɢ%ԸzP#/fv~f*Pb$&jroݫumd訜ŽѴ6a.jbr~:g|\053#^D}@ wZfYY@P(\nn\\s=5tң*tʺȃPr.Es|-:Ժ88{Vh>85ast⁽rHrjgɖ\'L\'(r*c fFrX[I4٬E-s#rFWXj\\\n4\rt1壘8.%.W\"|n][MUŬijj|TzZiIKx(]e^:f[P+u̹2Ar\\e]T&FTeFD^2@dP+os-8weOuqwnU\nCRic\0\Z١\0{/|KeV++U/\'=\'FۦT\"n[P+ xBEκ2%st2[VU-\n}I>1AD6;\0FZۜ\\$H\'i?^yPr~h*g)u>\n05~J#\\eQ4m?\\X짗tXA\\Y4F7B_\0\"3M&|n[z\\=uι2\"̷(@-\n&+cUZwkP$\rn-QU2m<,f!\0Mm-.aL޽ᦵQ~\';Zg+z79>O9mg~Y)霶.=,:=*|m#~|\n(_m\nu\rnu̹2e@|\0ǈ[5[\\\\}5IQO$..d3ۑ3b[b(W##c#####֕nsssu\\6Jq3|w;_1^c\'XUXr ]yά+P7W˸p8.`j.p.p\\s̷[r-9s Vn-	I㊬ޠVgrӺv֠j5NMނ\Z0ڨlڣ5hc\'^|<im4#R;	#>^}ܭܭ>\rh8p\'\"(>^;:Lt0W~GNb;Z+im837UÊ/_QD#P\0{}jm9̀4+5>~8#X9f~mmĂ%6BX6Ɨ=R?qY=\npN ps>7Pgڊ<FnfO%>vNp\Zz57\'?ZfuFxׁuU2|S[C+Rn/[YgeWF\Zx&՚TOjvgQq,ƎzzU[^lWحح\0VlPrrrr[ʹf3]XYk.xǲ 4J[W>\r=濂Q{T?WOqN%9998\'#vȄ@DDD[ۯ_\rφr&zVnV|A( P(\nJiA7tSIM%4S\0qPŮSr((8	Qw\rW\nN$Ǥy,|\0 &ҘW~\0qoPƮsjFK<cE|O8n,aCYoX9iߥbSIC7E1rAAAҚS\nz8^j	b(\0xAA555555551pIvZJ>߉\'\rf|0\ŕ6n\0>ns6|l7ֺ9F3$̀Wa&#2 snl79=7TGG!kKe\\q-12F//\rd=W{[TA1#]=&	EncNqi7Irpk#K&ɁaS\r!͔eC#ʅ|\0q*J]9Jg2};Y^wpX7HRO%TJb@S\'jŽWcwer%>lo-dA sNG$C5>5ʦ\"	qvQ`ϳ&zݛ݋.O(h!WHg6A#Xge}ldOc\\ҍ9Lm9f80G>Z\nv>L}aϧwZf,l/K,p)e ڂyd*Dtrhs^uzg\\\r$tnƭ虛feI*dE̽basO(L<lCǶRأg]{=KODZh%T\'\'~ǐV6;h+-\"%2HVRXG2DelG^2K\'.ac2\rt܏YDRNד[Lˇz#KP5:;k7ԹSISw;%kCC̠s?!$5alؖ@*=IokSI172\"1N;=9<:z\"7ћI֞)lidn|u\r\\NLį#ʙdk]5Ved/dk~X[4]Oe_1<Q-F<5IR4sF7J̅CzzXۧE1#i/~B).A	:@:Ή&{{K#DfQ!/sfOo;n\0\0gk#@)a?V`FɅbΣs^\rnD	:U|bߕ|VbQ,ݫG;#\\cKj$C\'T>bz֥3tzϣ-Q$m\0I]Ol;귕y{6sGyHW\Z+YyZV=u//Ytk!uҮB^^뮄uЁ:\',/B0\"nTP燰Dָ&>//@c͝+;\"%DYAlVmܓ$4\\ys*Ef҃xV<Q^V@&*7mQcRSDuPL=21[sLN	|v[-쏠Gԓl[-Oel[- oem zkq\n2F marܭTSƯt<8\npXkw)	Nхatd]FUЙt%]	yyyyyysHB,!ey+,!ayY^BW,!ey+Y^B6Wv\ZWBUЕt%]	WFUѕte]WFEёtd]\'Lj%Qv<͖Ikn5{CTCQf1&svF9UKh18Bv\nI]m8OiF]\Z]vKe},Oj4>]\ZYvK&pL},Oj4>]]_f(C̮ٕe?YvK]0KWit&L+zevM.-4Ch4]ӋmvN.i:9g4vkK8%ٜ\Zvc/].eq(pS\'S$1֨usZ)tDf4MY9A<S#=NGh:]ZvS.juLAg*]ԋڏyv{8%$a&>gskmvw69]ͮfg3kyټmvk65]ͮffkY٬mvk65].fsK9ٜm^Ňٌugf5Ƣ]K\Zv_Q.j}B/e\\q	fifU^O<\r^yZ4iF\"S#\0тg\0\0P\0\0\0!1AQR\"02@Saq BT#r3PbCU`cs$t4\0\0	?\0\0\rDyM&stB5S	Tn|>-OԸ~-KSAO-IGԸ~-IU>Z|4HZ-IR?SAԎKQ*h:u#`%IQ*H:OQ*X:԰uKU*XRԎIR:u,HX:԰u#`GRԎKR:u,HX:SAԎKQ*X:԰u#GSa~u6KGRnu6KԸn-M^Z	S:#j|\'D-bp}Pp8,*_QZ*`wq\nDiVPC;@P@P((\n@P(RUZEZEZEJ*4(\0:?Ρ\":D\\enh\"cz>zvWݓ80W1?e}?8uO碏xqӲ~qE5kC\\PEʔҚSJz)OE)=ҚSJiE)=RSJz)OE)=RSJz)M)4Zj\0zvW=4z8\0D4MD4MD4MD4MD4MD4MD4MD5^ ^G;I\nQ\0*x{Gamv\ny3+1g\nP\'0p\nܠPH66BlokTN&ld66T]X	X	X	X	X	̮Ȁj7쭍VE`e$@Cc[>~Ice,7\0/Ϫ<=;+EU+#bEJ]kn**<^]M^Aޤ\nm77Rpq1d~j5S0Ңal\"KxbϘYV\\$ݸԑbn[P4R<J\Zj-28E\\<-\ZR=i:5NqyǤz(\0xXLL}$~#i$Yۚ[]ٽVҧ\nĐH\'pԊ.2ǅtBIA6\'5	ff5*1$H n3H@w)lz>\'ٙɨnM9fʪ.nBVF)\"mC5,IQ%k9kQ@cYM!M(5uSR\Z(Pý^c]+$.9D$~>/vHX@7&-is{we!-bݬ@~AX.Ԋĵ֥2\\xwMp8Drm],H;XqV52Pr!\nS况m\"$Ǜ+<NkHo((O+)\ZPiXT5\raX0f!ƅNd>qσz\0\Z0^hq|6B$,%5S5fα[n7.>$ѹ4?6AwlH盀KpyCgGLXY+H%OY\'Fo<!:X0pk>-jXϴY¡jR=xPQ\"P4+\r/vҪ\n?`M\":V2kpg;Q͟)c\"-rC?PWwxᡳ\r*}`hA&eD9YnԒ8[W$i@SfR,A\"\0c2M!MrEcS#i|>jK4?K)1A$@{{ \" bbHHp/p-b.v:Ynke&\",\\5>Ԋ6\0ad 8mK!\"vvxմzBiTT+iAǰԇnџcLݔf#C\0Qi\Z㢋\Z7AU?CԮM\'ujhۥBH]iX{E>!\\SZ9~C<IkfFd\\33g5ami՞$\n&_Yz4c]r.]mm|OE8[*S(O%KꥊRTut\\+TLSsjgV%rySf(Y04or`Te\"F0&c[|M#@ZX$D/l\"\r= T%j=eaH[3jblN O+`*ue`\n j$\0[J=S8،^O߉Ml̕*?ݐ7+*ԋ5·bɀAVa4R=Xx?,~y,\Zμ~*RoZ9|U#]Jpl+WN.˜%Ge J:O%`$e\"୍&Ipmq}_uBr!\r;) -k-HGufKp`zho1zyqF@EXQF\"ߠO3d\')}YtHQ&t\\;{\n\\&.\'V8ϣOLĸf#PfaXL?;G.I0QJb)*X81&.W`S,s$[)0S4i#NH5+Ҏo [=?AW\ZqRk	o`vV/9\ZGeK{ݵEn#sֹ!|_z\0|1PX-]9xͫ[JQXth7XS&ړsĆV$R	ZG{ôJ&-zVB\\MiJ\"\r,.6c3PֳV{oHہ[NDS$!G%my}ui2*skg?!xDg<\"haЌ&;iibMV+ÄblnI36.f1O	c1,q^vw?	Oų?c\\\\\0~<gҹ!|_zx|<7*(9rԼ\Z<p}Aj	9	fBm4 UR8Cp2\')>%poAL\ZxD(mR$k-C~==u,^4:\0CGA	K\0]7,{q!Dl6R<\"/G+hդk`_QGsr+!$MN՝yzg+0\r*R2gPU2p@\\.sx?PI,!5}M*Nrץ{ܷ?Mrų?o蟳sֹat_z~5yk+6Pt\Z\0TIigȏ!cjxvOf\0+gGf9cu:FfmQ}5nJmR3fV܄F[>FBZ0)|\0iՏfSj.rNrI5N\r!{6mVЏmVЏ\0ұ++$\0\"/SAR/MH4N\"zE0/D}NI>Dn[f冢;z\'X|WwZH:xE{xRD,t%hJKF!ԸqeFPAAI \rKI7<G42`!`[5\\4\":CqW2(,QK<!4b|@ьJlr.I5>vw9l@,559&(ܖy#ia) pnZ\0H7	e2.lmkhAr˕I\ZYIo\\KjB~/eaߢXg3zNNN#pܕ,	$ﭭ\Z1*c1늘ub~Z6D\\A~+[-m,~V2_-c\"\0JGcO}?Zڋ!x^EV(-rbuNӆ|\\h<_5_CMGX\0p82G)UgE=5\'Mbqm>dn\r&_`Je\\lԮg(E֙2TDCQЇ3qA0c\'aKHE;&6b/-5ϟ(l*asL,fVkfmmV`MzQ8On1Cv˗Wz|G%sXPWӰwekcm:	-\rIdk~ӂWq&4x.eg7ŧ12*Sqj|\'\\րfj֫]Ŏ\n]J1j(Ǖ*.l(ԣxՕ|\r,ԣR9w:AǕLj$O`+7>ONC`\\z鎃($$`	gksťi}ҝzi\Z;k\Za~Z=(R#hrڒjXێ!\ZJR|\'sqak>=+A_wN:EBK\Z̋2;x:q;\0гv(#\0-\"eq\rn&62T_+VhWX՝ma\'+Xa0FC\Z-NFfgIM\".@@-{dE#+ek	=I:KCޠpEG6\Z)\Zا\rG\0V1	vk<q&ZxV\0XV;YIσIrgQ_4D3s&Ըӆq|I&cI?=&\0TIGƖ`<zqa?\0rT.}MG^S \'cC~1`U?\'!_\0Sk;stYF~uOSc>plF֕DEa6N$+7pl-a$ᄒZx#WSpZ$/`	&%UI(*oe!82ʺ.bO	}F\0ea6X#092EpBiRy\ra1\"#h`Y\'RZFLNpc	 n[q^vxBF+	)\0or+\nY-j`cзDj8\"̚޹&=`\Z5vL<\ZV.f\09}N	-PXIbnE |>q\0\'};~2Fsn\rZ!rP1t3B[4qJM./\Z(͠(\0OIGŕ3V;4XTM2QH9ECy08$\"\r٘PKlׂydVjڟhsNXs<_>xgn<m^~\ZBGS%9>HƢ5Q+XoNG#9\"sc[V:c*!LGMb >GD*AE\'B*YW*gOxW Z`#]uni;[r&氥VB+\nOMIzhݑn.p~\0R D\rXho=(좀zaҤcx4Ƥ\rC9֌\0`Ec\nL	.t\r	toQT/\\|Ov;|a1@0n)e!F5nFs$2\rNlZ$rO\r`Y+n7YG($AXљ=@ZΠ7\0-a@) úh͸;QaYE74jyll0Gt%œ}#fceUky\0PxD$bkK3Xek+Ϭj;|xFbZSKfO-zH{[?\'`kjBTq/qr͡V/VXՏĩd2f!@5-9x\rȱe$ªq\0Ոp1QΞMbN.6زB\"XZIǜ<&.<A%ZG4XbTPag;Cr%[_쨥LXW\03N*dpB69K~9+HGUsf#㨋KXt]lA@X\"XHQXHcD2cke)n˾h0=joZQ_vNߌ;G{)6ճQ,dU$ǘ174prA\"WjEi[fB\r\"*/8\ZvUkڝ<up /6K{\r\nI;DV<88Ub&-f\Zh5Nc	&MS]\\0w$\\6:qXG\n28e#Dnmc9_z*Cýq^`{>/!o8E};a䗃BIʪ.I!]s!/(<\"ߖL!>3C@I%%`mB6/X\\sBA\Z֗aΜE\0r\0`Uxޛ#͉c6M	\riPM$}4FĴjH^)6F.w	L\ZHj2Ě;zXARD18 T9s5o0	Z# w|$jH.tEʦrXb\Z*dlHbr1`|3>x\0XX2RNSI{4\\\04|w9kq-};A3NXd*QЎRGhT3\084.M*yxS\rkv1g	}tԝk	1Ck0CPH\n!vl.N7!uF[n]N	ѣ*Hb\nF7{AqG\ZF<<	pf9o.dQPǌ|<P#z8<*$ls\0P0dH!\rKsydUE  #X\"g	K&f©qH(nQ5&W\0f0>dtʚ EE\0\"\n:^gRɆxQ9H&qK4\\/[D4B^\"H\0.{ӕnaxeҐezH{[9~Sw\0	>ǯ>-嵯SY]V5@.uLIA(7AbMcܰrk@-b]\\d,7 *rHٝ~%YW.OG[*d2ȄղDX|*E1\ZdKVړ޸y7َj2S:Bg\n䗮徙W+b (	Z11t\n1}DA\'p,Xv.4wRPcpȅ7Z\0xRX0[+dKºĩ\'%lII\0M+a4)6.Cmk\0͂#ҕG%-ϑ\\\0\'̹^d_+)U 1k`F`7\nTPs$\0RIlplӷ\0bVq3DO)GV]w\\Sag0J5kNTl\r;Wu\\TM\nh\"Y$$V2篾u_|KkǣꝂ=*d.n5ET{\0Hwمi`$u&T<hE(Gx!9xA$\\F@=2d8u\'@54!)9MD1gsqcXdJ5&S[[8CJ0;`Eyih\nұ4ϡB88YfrX,Fg}wݵU_|KkǢV꽂ƹxIGID˙fRHw+\Zˆς,5L*9\0KduV!sCkhAeUб\"ܕ2K\Zy\'=\ZvWaI8xF2&AlwoQ0mUw\0^D	m\"C$,&%.DɑrjbbRY|ʊLEek819E)	C*LOzޱB(Hr`S[SjV.oڵӼiW?qӲ,?Z\"\n0 2`w @\0\0P7Q`Mt4[P7ѓ\"QDz4i7A~~n~񧕧:::..Oru[WҶߧkSmp4}qM\nE+<RcSGߵm\"(\"(#EG|Ϟ`81WV+fw\n\\:SKg+o\nx\\(r3*f&%HgQ.\":XH!{\\lY\r]Ƣ|	Q@sHNe4MD=G*k_y\n;hjɥIHl\"X&<D%Ao`r*(Ǭa5īs-x6\\Tؘ1X$S4\0\\\\\ZF0K:\"ۂ20axN#46:յ``a1G,Si)~˕:=B\r慘K,I`R(1*JY.V^ݕmOy8PٵI286΃mG`WpM[0ץ@p`?tTA$pR6dbQM\n2E\0\n&l?H!7ƪX/aEl򙥕UV 6nSX\\^Ƨ\Z$_CzċPu\'y5*tԩ*uLaS\'XT2uMfW)Xg`Ē|+8f@[hF@B8_vv	sLJo\0Gd9˳zaI6x1*7? ubE(M9EЗ;4\r@4x\Zh\Z@4\rJiM)k\\kkƃk{b2#J	$G]b\\CD#¶-Zplr$ t/ 6ʊr\n\0\ZQ`mp\' \"u`8	^>F~@S+k\\DAЂH]Z<<H,7dQ*h\0x3±*0$7?>@BLkRtuOy/>P+6\n@O;2apCh]0۞Mb1Elr qE4\r%x|/+Ч\0\0K\n0bBI$mfdYT`+?H+(X,ɯT}\0X3-Z$\nrl\0 }Bյu}7^۷2|@n}GZr,_++iə\0Fi9߹*o-{kiHMپѸk-cYяN?Um7؃`EmK݅qk *@\'Mk-ߚqБ.78GX\'A+hcQn+c-|ՏC0\r8ڶ˫%\'m\r̎(X(OXW7u3C9п|*	&GkXZ中w\"[Dg]AJS[@c5_twF\Z[Y5>rV8𐅽mb\0khd0[sǘ{Ec \\X\0\"k\'.Q{lӾC/ǌ^\n\\m\0{+f˼ߌ\\nR+Q.RmX׽m)\0ϫv0oV6 [+[nZƠQ}±tcb`>+Rl\0P\Z$b<E\n\n-bݭbbBQ-@bK:Ii[.{\0ARV{YJpO١	̶ àfWQ5okny\0QzG\"H3Aae#B$B!G6Q˞ޞ)h2T\n$CpCz$[ȮW5kS.[Gכ`t5w,YP!\"KCNf}.2xqV0#CoF,&\0scFVEtu#\r$rLd\\4dm4ɓ.KzXu=G&l hs\0Q +3}6}{4rN0_CXxKŮJOa{*LoSDa|bu\0)bnx\'SI$\\\"Q	\Z˖^$?`p͜{Xz!N^RĨHAQoےr\0<j,;l3ƢR Z~5BU 3B/.s0\'7\r#NL)Cg$؂n-aL)\\M$y%$\0\rOᲷeX#a\nsk\Z6T[!\\J[F62-);奊VV,BͿpaVaqq\\@	\nmIҡtE:{֟Y9?ٟ5$Q-٫A1s>\0YNS77裆 \rk&7-uXPrVj,t*F={-ɨQT1:.sPő搠ް#d2H\0}\0k}t\nFako@!YX`dզIVbk\nK\n|6VDE܂t\0	.c.Kȁm{f۷ʳڐE$;)s	QMՅ+T F>kq-abk,2Ixleϩi\0Y2R0ǒ5-m-}M:-)( \\V%!Ppl\Z@:.ZY\Z4W;;ְsp$\0>6lâRSU-}mG2Ρ[\r(y^ږ7j-~L9ԔXx\04EHi{\"hzE\rh>S%\03:B\'4al@U,ojR,@{{B?2f\Zf;xA\"[H4QaMl4tiM\0;=ᾉVR\n6 AF:\03*Ǚ\0s_E V\ZĨ66sX}t?&{)q~u+-apH߼7B mM.\"ưlU11gAZ{)^0L7scJs~T5ڰOQ\"QV(+l\n\0?|iW;uҤnT#u=t=t5kD֋uүJS\0iP/ڼ\rn}-H-f%loJ2+k @ߍIX4{\0\0)6u)G{.PުrI#s򽆰ux*_Q`njժ\"ɜIT$[[]˭AݻNJK@j*)Yx`	> ;8.%S亍xJ Q \nߐ4MvQd!\0))5݊~q,iA({^)#;N54Q9Hާ0FJ1\"/X%%I<f1uba늞?0;▖\ZCHi\rFj3Qf5Tf/e--%%%%%%%%-.!!4\ZCHiiihwȢ:iצ^D=c +J@\Z(0,#&i|:e\ZٝCWv[3~jfWv;ݟݮl껷p^|{wuB]}ЮWwxot+/Zֻ]}Ю0Wwx_t\nw{KWw_t\n\rWwx_t+/_$ϪIkol1c6Z!a\"6*/]a-wwK]/]}\0Ok7_{~j\r~j\rp>j\rp>j\rp~j\r0~j\r0~j0~j\r~jp~z]a}ݦݯ]a}ݦݯ]Ayvn4JBPAlhs7JS	>4c5 oz+keL 閶2VчJ[B+hC\0Xc:u!:\0c:u\rS`V1xմh\'CVN\r[A:\Zt5mj	մh\'CVN\r[E:t5mj)մShCVN\r[I:\Zt5m$zIi\'CN[I:6~iCN[N>CԇjamhzVև%mxzVׇ%mzVڇ%mzV܇%mzWt%K]ҿL+im)dy^_ɍa!1c@\0\0C\0\0\0\0\0\0!1AQR0a \"2q#$3BPS4Tr5@bds\0?\01ihC(Z.@1r-L\\j\"Q Zyr-D<j!g. ]Aavh?,. ]@4<vxr-D\\j\"Q ZE.@5oqHnX|V\0+j-V>\nYY[ ӹN°#\Z1ŅaVY><\n`CITDWf_+/jw\n1A&+͛xOP\\$\0m%G;:AúQRUZS|$nE\"dBBhw18sC d\n\nReÛZ1 A\0[n=Kڪ;W]n[`wG]K>kR7Кhի	0o!s	,(U?AR:4|QR-(hq}oEbMǴ}SY3k%>\Z0>:?,$*)-h^H\02. oٚWeo\03x#!q\n	\'a!K\rU/c)X/<B\0S5\Z{.?Si)da8CMF.\r~6x\" \\4.sETE5.#Y|k{^ -4}uE0	A\\Ӵ\rUrZv7\\5Mdx,	3S^)̛:ubBߢ 4^[ A37U.clZ #ؒ\0tfxWj|5pA$e\'8HU`hw &7CLoh̃oZ1\0S6cdŕćlށ2`G\"ȵ@S-ĭ7+FbFY[z6ğ#]{I=|}B>2*e!\0>(4E{HNtdb\\f9Dw6<%g҅#+HGD3qJ16cC~G0=;yQOj<],NVߡh63_7D-01?*sePFẉ_\0fOӶm(*\0gO4;G<2:kok|l2q@\0YH5;j^Z\rqk\rʏG%A4kme@enU`v_Ud,TLpjocqHibqqnhy܆QE)#y˳7X}B1EwT4[	</9$\'QUGРI>Ťz){Z	PA\0\"MkpsIl+shK(2Os\ZGicD}1kó?5yON\";$\n}y4( 42\0[gZ:,vy)[66R\0H]#4HgM[Mc\nxJYm8e2E=|ZSZ5\Zv\\\ZO.yyCn^	-Vc	\Z6wS`;u#,S(jwCcuC|Dci..=gFG#6=aF\"nKT}O$.eERK6;l&È|1iBpZZ,l?t/;+,\Z\\g\n\Zu<6N15VӿSHcW|,&\0tu8%coG\r/el/A \r*\nT#l܌H[l>5Lyx{A	C.lpɵ8݅k#5755Os[,}|Йkx1>\Z=){+]vg$.7%Ug5s. \r,AsRQ5 Gc5qƟdOqq&[檴L0ρAp%cYvd([G vnoQ3ڬ<<TL`ѷ?Wrk_e	N>\'sQ%+T~}ciD-30:\"sCT\rcۤiά0waT#t1{6iZq3[dVsoF8Hf }֪#,!Ym憍W9<Vi4lhdń4rM`0?s|U=< !u@,E5J:oJ/(9MIC72:z6\0QMÆ+7Zs6_gߚGkoha)n;􅧄*-fɷDMv`n*S@U+\ZƵz.X**SjsVy\'!4#ymEm\n4t9E3F2x˽Vp::\\Ǽ4v4	vvq#g-uELs,A\\@Fz7bwT#ȹ$TZ++ⱎ+ⱎ+X8cV1bV!b*r5NF^+=h!k߮T>RL%xm{\ZZ1!|\nxOw+nښoq?YYY[oſ\0D\0	\0\0\0\0\0!1AQR\"0q #23SaBP$4r@Cb\0?\0UP{ckd+Zbslkd+[\'1ZyKV^bstk+_/9ZyV^rDts%+_/9ZyIVNekZ9̵sE#%*xwvY_Ez	WWX%bA9C\ZhG;7W(NѐXӽ],h=bW]j=GtдҰ.OtS\00]\"egX.OkA6x@lђv\0JD?D^]-k95!6tAރ@JGQOv9*9^^\ZpOkj\0f,VNRr(\r+?ܞF^<nrQCvoVS Z֝xJ(Jr7	Xm	vޡmJdx+bTμGṎ?ey\r.2zzW!b\"DP,AAhvB׵%ꦣ,ZRv6`o}51ߒ\nD!Y\05\'@Ӽ,MisY`SOvl1mXT>HRH%:P+X<R]$7dÈUz\"\ny%RZ/b?d[k\\i\r;?Q@\\C^+ABHiV?gXBe|Tv;\0{瑭s\Z>,MN:.c1L.gsm\0uF-˜6+XӲKwWXKJl?GF9j!o}L\\dɜw޲;h	 T>Hj*Ѷ%aq;,wZRxdsEE4Xn,| eP;h<Q8]mjm\ZUm=٘j|x~+aF8^di\'&9\'=	c|<Ӯ\0q!WG	c>j9m!w;2mHAO\\2ЀT(j*^q7y-ҁkFA8zTjp	C/̟s*\\Kr\0\\y\r43r6OV-&wq_>㒣fRNi-<Z_\0)PMs	-$K.JF(5:3w3MpQ!⚇mEN$2ms!RQ{`I\Z%Gl2[w\' Yo/jiv+ j۴]zHÛ-پUMW&׵aKHU::\Z\Z\r_\'#Q5!/+QI03\'rQ~Uk@{GT[h\']9~\"D\0Qӑ@ݞ(;\0Q#6YFrJk\Zu\"\\-D?-a+,qr0=NeRԏsɉ%ұ̒W4Ăv_$S(;ϧF觏He\0+0	o=EJdoe퉤~)K7>PiϭC4e4Q#$$/E=<\rnȀ;u\"m\'Ic0VsINSEyyuDy,`%#iȣd\03Wn/M99\Z&8F	vZ8[\'{?\n\rcd_0\"{``$Y2MGsȱ6T7#\'DZ[~}jM7]IaWs5cveMQ%5Dsll7&\0i7#kx<ӢHOO\r}\rQhxkێeґɰ3{4G޺v\\#!E샆DЧny@1`,mPK\rq2UBkJ©Gg=ڊK<1lokolt-5\'7]^m.6lB3 dqw&NKCD6ћiEE͚-s_IHXa9f~紣\0\0%tX\0y%V2xy#\"МAD\"\n!ȱ2WO_+\r(\r\0\0@*o{@cǵ6sH B&=gi(44%G1	nYt!|TYd<4!Mf;dx|\rvF\rmǊ4trB:v܊U.{/7UcۿD\"ZŁ֪m=)GCw eN=|Q\'W!p\'aă\rߙ=oZχIO(lnkAi*Fʇ<$k1\rgZ\\%.d#t#3Y(\r<O{:\03>FQO$m	v0IN<ɷzILN	qfU1\'4Gz!(aEƵE6$=0j{@= }m/|!:fǬ-6k-|$(k^\n45ŦlChV1\r$eoІ3-feMxoX\n{W\"`A1ՅYY\0G*^a7y-*XC\Z-rO `;}y)\\l}Fvy4^e͍ ܇b+I>AP05atEuTA<M\'{W++	ఞXoaXJXJVT \Zj}*\\pjm\07^@s`%6~=˳\0r+WW]_պ\'O','mime/jpeg');
/*!40000 ALTER TABLE `pictures` ENABLE KEYS */;
UNLOCK TABLES;

--
-- Table structure for table `user`
--

DROP TABLE IF EXISTS `user`;
/*!40101 SET @saved_cs_client     = @@character_set_client */;
/*!40101 SET character_set_client = utf8 */;
CREATE TABLE `user` (
  `id` int(11) NOT NULL AUTO_INCREMENT,
  `first_name` char(20) COLLATE utf8_bin DEFAULT NULL,
  `last_name` char(20) COLLATE utf8_bin DEFAULT NULL,
  `email` char(100) COLLATE utf8_bin DEFAULT NULL,
  PRIMARY KEY (`id`)
) ENGINE=InnoDB DEFAULT CHARSET=utf8 COLLATE=utf8_bin;
/*!40101 SET character_set_client = @saved_cs_client */;

--
-- Dumping data for table `user`
--

LOCK TABLES `user` WRITE;
/*!40000 ALTER TABLE `user` DISABLE KEYS */;
/*!40000 ALTER TABLE `user` ENABLE KEYS */;
UNLOCK TABLES;
/*!50003 SET @saved_cs_client      = @@character_set_client */ ;
/*!50003 SET @saved_cs_results     = @@character_set_results */ ;
/*!50003 SET @saved_col_connection = @@collation_connection */ ;
/*!50003 SET character_set_client  = utf8mb4 */ ;
/*!50003 SET character_set_results = utf8mb4 */ ;
/*!50003 SET collation_connection  = utf8mb4_general_ci */ ;
/*!50003 SET @saved_sql_mode       = @@sql_mode */ ;
/*!50003 SET sql_mode              = 'IGNORE_SPACE,STRICT_TRANS_TABLES,NO_ENGINE_SUBSTITUTION' */ ;
DELIMITER ;;
/*!50003 CREATE*/ /*!50017 DEFINER=`chadd`@`%`*/ /*!50003 TRIGGER validateEmail
  BEFORE INSERT ON user
  FOR EACH ROW
BEGIN
  IF NEW.email NOT LIKE '_%@_%.__%' THEN
    SIGNAL SQLSTATE '45000' SET MESSAGE_TEXT = 'Email field is not valid';
  END IF;
END */;;
DELIMITER ;
/*!50003 SET sql_mode              = @saved_sql_mode */ ;
/*!50003 SET character_set_client  = @saved_cs_client */ ;
/*!50003 SET character_set_results = @saved_cs_results */ ;
/*!50003 SET collation_connection  = @saved_col_connection */ ;
/*!40103 SET TIME_ZONE=@OLD_TIME_ZONE */;

/*!40101 SET SQL_MODE=@OLD_SQL_MODE */;
/*!40014 SET FOREIGN_KEY_CHECKS=@OLD_FOREIGN_KEY_CHECKS */;
/*!40014 SET UNIQUE_CHECKS=@OLD_UNIQUE_CHECKS */;
/*!40101 SET CHARACTER_SET_CLIENT=@OLD_CHARACTER_SET_CLIENT */;
/*!40101 SET CHARACTER_SET_RESULTS=@OLD_CHARACTER_SET_RESULTS */;
/*!40101 SET COLLATION_CONNECTION=@OLD_COLLATION_CONNECTION */;
/*!40111 SET SQL_NOTES=@OLD_SQL_NOTES */;

-- Dump completed on 2023-05-09 15:13:43
